trade_date,open,high,low,close,pre_close,change,pct_chg,vol,amount
2016-01-04,12.0,12.03,11.23,11.33,11.99,-0.66,-0.055,563498.0,660376.0
2016-01-05,11.27,11.57,11.15,11.4,11.33,0.07,0.0062,663270.0,755531.0
2016-01-06,11.42,11.56,11.39,11.53,11.4,0.13,0.0114,515706.0,591698.0
2016-01-07,11.41,11.41,10.91,10.94,11.53,-0.59,-0.0512,174761.0,194870.0
2016-01-08,11.21,11.29,10.9,11.12,10.94,0.18,0.0165,747528.0,831335.0
2016-01-11,11.0,11.08,10.68,10.76,11.12,-0.36,-0.0324,732014.0,800684.0
2016-01-12,10.83,10.91,10.64,10.81,10.76,0.05,0.0046,561642.0,605971.0
2016-01-13,10.89,10.94,10.7,10.71,10.81,-0.1,-0.0093,391709.0,424372.0
2016-01-14,10.59,10.8,10.48,10.77,10.71,0.06,0.0056,666315.0,708535.0
2016-01-15,10.66,10.8,10.42,10.46,10.77,-0.31,-0.0288,448202.0,474908.0
2016-01-18,10.34,10.56,10.3,10.41,10.46,-0.05,-0.0048,421041.0,439918.0
2016-01-19,10.45,10.78,10.41,10.71,10.41,0.3,0.0288,501109.0,532075.0
2016-01-20,10.7,10.8,10.44,10.54,10.71,-0.17,-0.0159,603752.0,640969.0
2016-01-21,10.48,10.75,10.32,10.32,10.54,-0.22,-0.0209,606145.0,638128.0
2016-01-22,10.4,10.45,10.22,10.4,10.32,0.08,0.0078,466752.0,482984.0
2016-01-25,10.4,10.44,10.33,10.37,10.4,-0.03,-0.0029,376432.0,390735.0
2016-01-26,10.32,10.32,9.86,9.87,10.37,-0.5,-0.0482,647901.0,653562.0
2016-01-27,9.93,9.98,9.6,9.88,9.87,0.01,0.001,569037.0,558511.0
2016-01-28,9.82,9.89,9.65,9.69,9.88,-0.19,-0.0192,302541.0,296055.0
2016-01-29,9.74,10.08,9.69,10.0,9.69,0.31,0.032,544436.0,540544.0
2016-02-01,9.98,10.01,9.74,9.8,10.0,-0.2,-0.02,417732.0,412636.0
2016-02-02,9.8,10.03,9.78,9.95,9.8,0.15,0.0153,369104.0,367360.0
2016-02-03,9.85,9.89,9.77,9.85,9.95,-0.1,-0.0101,274572.0,269998.0
2016-02-04,9.89,10.0,9.88,9.95,9.85,0.1,0.0102,373099.0,370586.0
2016-02-05,9.96,9.97,9.91,9.92,9.95,-0.03,-0.003,270893.0,269184.0
2016-02-15,9.66,9.85,9.65,9.79,9.92,-0.13,-0.0131,278499.0,271173.0
2016-02-16,9.84,10.03,9.83,10.01,9.79,0.22,0.0225,428386.0,427508.0
2016-02-17,10.03,10.22,9.99,10.15,10.01,0.14,0.014,585167.0,590539.0
2016-02-18,10.18,10.22,10.09,10.09,10.15,-0.06,-0.0059,406178.0,412338.0
2016-02-19,10.09,10.14,9.99,10.04,10.09,-0.05,-0.005,318898.0,320940.0
2016-02-22,10.13,10.31,10.06,10.29,10.04,0.25,0.0249,617739.0,630252.0
2016-02-23,10.29,10.29,10.05,10.12,10.29,-0.17,-0.0165,425874.0,432315.0
2016-02-24,10.06,10.15,10.01,10.15,10.12,0.03,0.003,300104.0,302498.0
2016-02-25,10.12,10.13,9.6,9.67,10.15,-0.48,-0.0473,622073.0,615005.0
2016-02-26,9.77,9.83,9.66,9.79,9.67,0.12,0.0124,392154.0,382635.0
2016-02-29,9.79,9.81,9.42,9.56,9.79,-0.23,-0.0235,566896.0,542184.0
2016-03-01,9.62,9.77,9.58,9.7,9.56,0.14,0.0146,377911.0,365149.0
2016-03-02,9.75,10.13,9.72,10.1,9.7,0.4,0.0412,676614.0,673626.0
2016-03-03,10.09,10.18,10.04,10.11,10.1,0.01,0.001,553089.0,559045.0
2016-03-04,10.09,10.5,10.07,10.4,10.11,0.29,0.0287,1381250.0,1429270.0
2016-03-07,10.35,10.49,10.3,10.34,10.4,-0.06,-0.0058,606353.0,630156.0
2016-03-08,10.36,10.36,9.94,10.28,10.34,-0.06,-0.0058,643156.0,650472.0
2016-03-09,10.14,10.22,10.04,10.17,10.28,-0.11,-0.0107,325901.0,330125.0
2016-03-10,10.24,10.35,10.13,10.15,10.17,-0.02,-0.002,474020.0,486414.0
2016-03-11,10.1,10.22,10.04,10.16,10.15,0.01,0.001,383737.0,389639.0
2016-03-14,10.21,10.46,10.21,10.26,10.16,0.1,0.0098,655158.0,679161.0
2016-03-15,10.28,10.36,10.16,10.32,10.26,0.06,0.0058,417920.0,428787.0
2016-03-16,10.27,10.45,10.25,10.35,10.32,0.03,0.0029,664886.0,690088.0
2016-03-17,10.36,10.48,10.3,10.42,10.35,0.07,0.0068,610996.0,635181.0
2016-03-18,10.42,10.57,10.4,10.54,10.42,0.12,0.0115,797216.0,836566.0
2016-03-21,10.55,10.86,10.55,10.8,10.54,0.26,0.0247,920433.0,987764.0
2016-03-22,10.77,10.94,10.69,10.72,10.8,-0.08,-0.0074,625482.0,675407.0
2016-03-23,10.71,10.77,10.61,10.7,10.72,-0.02,-0.0019,430278.0,458963.0
2016-03-24,10.61,10.63,10.5,10.52,10.7,-0.18,-0.0168,372406.0,393412.0
2016-03-25,10.51,10.6,10.5,10.59,10.52,0.07,0.0067,237070.0,250338.0
2016-03-28,10.62,10.65,10.45,10.48,10.59,-0.11,-0.0104,358621.0,378973.0
2016-03-29,10.51,10.52,10.38,10.43,10.48,-0.05,-0.0048,318318.0,332422.0
2016-03-30,10.48,10.7,10.47,10.7,10.43,0.27,0.0259,539700.0,572627.0
2016-03-31,10.71,10.75,10.64,10.64,10.7,-0.06,-0.0056,418388.0,447266.0
2016-04-01,10.62,10.69,10.5,10.66,10.64,0.02,0.0019,369342.0,391830.0
2016-04-05,10.62,10.81,10.5,10.7,10.66,0.04,0.0038,592309.0,632379.0
2016-04-06,10.68,10.75,10.61,10.72,10.7,0.02,0.0019,435260.0,464962.0
2016-04-07,10.72,10.73,10.59,10.59,10.72,-0.13,-0.0121,377720.0,401949.0
2016-04-08,10.55,10.67,10.5,10.57,10.59,-0.02,-0.0019,376554.0,397998.0
2016-04-11,10.6,10.8,10.6,10.72,10.57,0.15,0.0142,786386.0,840486.0
2016-04-12,10.7,10.71,10.62,10.67,10.72,-0.05,-0.0047,298600.0,318538.0
2016-04-13,10.73,10.97,10.71,10.81,10.67,0.14,0.0131,856760.0,929859.0
2016-04-14,10.88,10.9,10.79,10.84,10.81,0.03,0.0028,323646.0,350703.0
2016-04-15,10.84,10.94,10.8,10.88,10.84,0.04,0.0037,497224.0,541053.0
2016-04-18,10.82,10.85,10.73,10.73,10.88,-0.15,-0.0138,350654.0,377791.0
2016-04-19,10.77,10.81,10.71,10.77,10.73,0.04,0.0037,218240.0,234480.0
2016-04-20,10.77,10.78,10.36,10.52,10.77,-0.25,-0.0232,606586.0,640150.0
2016-04-21,10.52,10.63,10.45,10.51,10.52,-0.01,-0.001,558799.0,588732.0
2016-04-22,10.46,10.62,10.41,10.55,10.51,0.04,0.0038,359677.0,379176.0
2016-04-25,10.56,10.56,10.42,10.5,10.55,-0.05,-0.0047,349258.0,366533.0
2016-04-26,10.48,10.6,10.46,10.59,10.5,0.09,0.0086,291699.0,306962.0
2016-04-27,10.58,10.61,10.52,10.57,10.59,-0.02,-0.0019,239554.0,253309.0
2016-04-28,10.58,10.76,10.54,10.66,10.57,0.09,0.0085,457460.0,487261.0
2016-04-29,10.64,10.64,10.55,10.57,10.66,-0.09,-0.0084,404978.0,428582.0
2016-05-03,10.58,10.72,10.52,10.68,10.57,0.11,0.0104,489102.0,521138.0
2016-05-04,10.68,10.75,10.66,10.72,10.68,0.04,0.0037,412436.0,441848.0
2016-05-05,10.69,10.72,10.65,10.72,10.72,0.0,0.0,239517.0,256002.0
2016-05-06,10.73,10.73,10.52,10.52,10.72,-0.2,-0.0187,346545.0,367409.0
2016-05-09,10.5,10.53,10.32,10.35,10.52,-0.17,-0.0162,411171.0,428357.0
2016-05-10,10.34,10.37,10.27,10.28,10.35,-0.07,-0.0068,292600.0,301767.0
2016-05-11,10.3,10.44,10.3,10.37,10.28,0.09,0.0088,327290.0,339005.0
2016-05-12,10.31,10.4,10.25,10.38,10.37,0.01,0.001,325886.0,336793.0
2016-05-13,10.35,10.4,10.33,10.35,10.38,-0.03,-0.0029,184266.0,191007.0
2016-05-16,10.32,10.36,10.25,10.36,10.35,0.01,0.001,215225.0,221931.0
2016-05-17,10.36,10.37,10.24,10.3,10.36,-0.06,-0.0058,250424.0,257860.0
2016-05-18,10.29,10.32,10.17,10.3,10.3,0.0,0.0,534151.0,547077.0
2016-05-19,10.27,10.32,10.25,10.25,10.3,-0.05,-0.0049,170778.0,175592.0
2016-05-20,10.24,10.33,10.19,10.3,10.25,0.05,0.0049,206704.0,212278.0
2016-05-23,10.33,10.34,10.25,10.28,10.3,-0.02,-0.0019,323647.0,333300.0
2016-05-24,10.27,10.28,10.19,10.21,10.28,-0.07,-0.0068,259294.0,265042.0
2016-05-25,10.25,10.28,10.19,10.23,10.21,0.02,0.002,204235.0,209020.0
2016-05-26,10.22,10.27,10.17,10.22,10.23,-0.01,-0.001,261397.0,266737.0
2016-05-27,10.22,10.29,10.19,10.27,10.22,0.05,0.0049,222819.0,228378.0
2016-05-30,10.25,10.28,10.2,10.28,10.27,0.01,0.001,380947.0,390120.0
2016-05-31,10.26,10.57,10.26,10.55,10.28,0.27,0.0263,946467.0,991668.0
2016-06-01,10.51,10.55,10.44,10.48,10.55,-0.07,-0.0066,556751.0,584161.0
2016-06-02,10.47,10.48,10.42,10.46,10.48,-0.02,-0.0019,293036.0,306269.0
2016-06-03,10.47,10.52,10.41,10.5,10.46,0.04,0.0038,423389.0,443040.0
2016-06-06,10.51,10.53,10.45,10.51,10.5,0.01,0.001,338332.0,354998.0
2016-06-07,10.52,10.53,10.48,10.52,10.51,0.01,0.001,229282.0,240887.0
2016-06-08,10.54,10.54,10.46,10.5,10.52,-0.02,-0.0019,268188.0,281652.0
2016-06-13,10.46,10.47,10.33,10.33,10.5,-0.17,-0.0162,344817.0,358996.0
2016-06-14,10.34,10.41,10.32,10.4,10.33,0.07,0.0068,273637.0,283578.0
2016-06-15,10.33,10.48,10.32,10.44,10.4,0.04,0.0038,378172.0,394034.0
2016-06-16,8.57,8.6,8.53,8.57,8.57,0.0,0.0,386670.0,331192.0
2016-06-17,8.57,8.61,8.54,8.58,8.57,0.01,0.0012,315173.0,270237.0
2016-06-20,8.59,8.6,8.56,8.6,8.58,0.02,0.0023,270732.0,232205.0
2016-06-21,8.61,8.65,8.58,8.61,8.6,0.01,0.0012,380750.0,327941.0
2016-06-22,8.6,8.73,8.58,8.73,8.61,0.12,0.0139,478002.0,413947.0
2016-06-23,8.67,8.7,8.63,8.66,8.73,-0.07,-0.008,335614.0,290490.0
2016-06-24,8.64,8.7,8.52,8.57,8.66,-0.09,-0.0104,427664.0,367771.0
2016-06-27,8.57,8.64,8.54,8.61,8.57,0.04,0.0047,325214.0,280044.0
2016-06-28,8.58,8.64,8.56,8.63,8.61,0.02,0.0023,336519.0,289122.0
2016-06-29,8.63,8.69,8.62,8.69,8.63,0.06,0.007,369612.0,319909.0
2016-06-30,8.69,8.74,8.66,8.7,8.69,0.01,0.0012,362205.0,315052.0
2016-07-01,8.69,8.73,8.68,8.71,8.7,0.01,0.0011,348930.0,303652.0
2016-07-04,8.69,8.86,8.67,8.81,8.71,0.1,0.0115,608257.0,534657.0
2016-07-05,8.8,8.83,8.77,8.81,8.81,0.0,0.0,422037.0,371423.0
2016-07-06,8.8,8.82,8.76,8.79,8.81,-0.02,-0.0023,322950.0,283827.0
2016-07-07,8.79,8.8,8.74,8.78,8.79,-0.01,-0.0011,312853.0,274337.0
2016-07-08,8.79,8.79,8.73,8.74,8.78,-0.04,-0.0046,261342.0,228779.0
2016-07-11,8.75,8.79,8.74,8.75,8.74,0.01,0.0011,365373.0,320334.0
2016-07-12,8.75,8.89,8.74,8.88,8.75,0.13,0.0149,711832.0,627506.0
2016-07-13,8.88,9.05,8.86,8.99,8.88,0.11,0.0124,798289.0,716797.0
2016-07-14,8.97,9.0,8.91,8.94,8.99,-0.05,-0.0056,359699.0,321889.0
2016-07-15,8.95,9.0,8.91,8.99,8.94,0.05,0.0056,352034.0,315555.0
2016-07-18,8.99,9.08,8.97,9.04,8.99,0.05,0.0056,506935.0,457358.0
2016-07-19,9.04,9.05,8.95,8.97,9.04,-0.07,-0.0077,362788.0,326047.0
2016-07-20,8.96,8.99,8.95,8.96,8.97,-0.01,-0.0011,310926.0,278737.0
2016-07-21,8.95,9.01,8.95,8.99,8.96,0.03,0.0033,340261.0,305710.0
2016-07-22,8.99,8.99,8.92,8.94,8.99,-0.05,-0.0056,295550.0,264379.0
2016-07-25,8.93,8.98,8.91,8.98,8.94,0.04,0.0045,264683.0,236938.0
2016-07-26,8.97,9.12,8.97,9.11,8.98,0.13,0.0145,546557.0,494506.0
2016-07-27,9.12,9.17,8.91,9.01,9.11,-0.1,-0.011,818678.0,741263.0
2016-07-28,8.98,9.11,8.97,9.08,9.01,0.07,0.0078,479910.0,434491.0
2016-07-29,9.08,9.24,9.03,9.2,9.08,0.12,0.0132,671425.0,614973.0
2016-08-01,9.18,9.34,9.17,9.28,9.2,0.08,0.0087,759324.0,702467.0
2016-08-02,9.24,9.26,9.17,9.25,9.28,-0.03,-0.0032,449165.0,413485.0
2016-08-03,9.21,9.22,9.15,9.18,9.25,-0.07,-0.0076,424622.0,389818.0
2016-08-04,9.17,9.18,8.93,8.99,9.18,-0.19,-0.0207,1344460.0,1210350.0
2016-08-05,8.99,9.07,8.95,9.04,8.99,0.05,0.0056,725948.0,654998.0
2016-08-08,9.04,9.11,9.01,9.11,9.04,0.07,0.0077,398479.0,361191.0
2016-08-09,9.09,9.15,9.07,9.15,9.11,0.04,0.0044,415676.0,378721.0
2016-08-10,9.15,9.18,9.12,9.14,9.15,-0.01,-0.0011,436655.0,399657.0
2016-08-11,9.14,9.35,9.13,9.22,9.14,0.08,0.0088,935576.0,866595.0
2016-08-12,9.2,9.53,9.18,9.5,9.22,0.28,0.0304,1370020.0,1282340.0
2016-08-15,9.55,9.8,9.51,9.68,9.5,0.18,0.0189,1897550.0,1835200.0
2016-08-16,9.68,9.68,9.46,9.52,9.68,-0.16,-0.0165,1099560.0,1050480.0
2016-08-17,9.52,9.6,9.48,9.55,9.52,0.03,0.0032,560725.0,534926.0
2016-08-18,9.56,9.59,9.43,9.5,9.55,-0.05,-0.0052,691504.0,658184.0
2016-08-19,9.49,9.52,9.43,9.51,9.5,0.01,0.0011,505335.0,478780.0
2016-08-22,9.5,9.51,9.36,9.4,9.51,-0.11,-0.0116,979433.0,922426.0
2016-08-23,9.38,9.45,9.37,9.4,9.4,0.0,0.0,890657.0,838186.0
2016-08-24,9.41,9.43,9.38,9.43,9.4,0.03,0.0032,732281.0,688972.0
2016-08-25,9.42,9.45,9.34,9.44,9.43,0.01,0.0011,617390.0,580648.0
2016-08-26,9.45,9.47,9.4,9.45,9.44,0.01,0.0011,502234.0,473688.0
2016-08-29,9.41,9.45,9.38,9.42,9.45,-0.03,-0.0032,565232.0,532295.0
2016-08-30,9.42,9.47,9.41,9.47,9.42,0.05,0.0053,595081.0,561854.0
2016-08-31,9.46,9.5,9.43,9.49,9.47,0.02,0.0021,489747.0,463876.0
2016-09-01,9.49,9.52,9.42,9.45,9.49,-0.04,-0.0042,480131.0,454849.0
2016-09-02,9.43,9.46,9.42,9.45,9.45,0.0,0.0,368796.0,348054.0
2016-09-05,9.46,9.46,9.4,9.42,9.45,-0.03,-0.0032,469937.0,443205.0
2016-09-06,9.42,9.43,9.36,9.41,9.42,-0.01,-0.0011,574738.0,539813.0
2016-09-07,9.41,9.42,9.37,9.4,9.41,-0.01,-0.0011,459373.0,431984.0
2016-09-08,9.39,9.42,9.38,9.4,9.4,0.0,0.0,295218.0,277504.0
2016-09-09,9.4,9.43,9.36,9.38,9.4,-0.02,-0.0021,327431.0,307527.0
2016-09-12,9.29,9.32,9.13,9.16,9.38,-0.22,-0.0235,756582.0,697759.0
2016-09-13,9.18,9.21,9.14,9.19,9.16,0.03,0.0033,460931.0,423114.0
2016-09-14,9.17,9.18,9.05,9.06,9.19,-0.13,-0.0141,421481.0,384081.0
2016-09-19,9.05,9.14,9.05,9.12,9.06,0.06,0.0066,354349.0,322576.0
2016-09-20,9.12,9.12,9.04,9.08,9.12,-0.04,-0.0044,436679.0,396359.0
2016-09-21,9.08,9.1,9.03,9.08,9.08,0.0,0.0,405665.0,367768.0
2016-09-22,9.1,9.18,9.09,9.16,9.08,0.08,0.0088,494613.0,451909.0
2016-09-23,9.16,9.19,9.14,9.15,9.16,-0.01,-0.0011,288799.0,264700.0
2016-09-26,9.13,9.13,9.04,9.04,9.15,-0.11,-0.012,439482.0,398772.0
2016-09-27,9.04,9.07,9.01,9.06,9.04,0.02,0.0022,401324.0,362769.0
2016-09-28,9.06,9.06,9.03,9.05,9.06,-0.01,-0.0011,271366.0,245499.0
2016-09-29,9.05,9.08,9.05,9.06,9.05,0.01,0.0011,303664.0,275240.0
2016-09-30,9.06,9.1,9.05,9.07,9.06,0.01,0.0011,308085.0,279526.0
2016-10-10,9.1,9.17,9.08,9.12,9.07,0.05,0.0055,611382.0,557122.0
2016-10-11,9.13,9.15,9.11,9.15,9.12,0.03,0.0033,363371.0,331886.0
2016-10-12,9.14,9.16,9.12,9.13,9.15,-0.02,-0.0022,270316.0,246996.0
2016-10-13,9.08,9.11,9.05,9.07,9.13,-0.06,-0.0066,632368.0,574142.0
2016-10-14,9.06,9.09,9.04,9.09,9.07,0.02,0.0022,335412.0,304219.0
2016-10-17,9.08,9.09,9.03,9.05,9.09,-0.04,-0.0044,359223.0,325582.0
2016-10-18,9.03,9.09,9.03,9.09,9.05,0.04,0.0044,593737.0,537784.0
2016-10-19,9.09,9.11,9.05,9.08,9.09,-0.01,-0.0011,482636.0,438299.0
2016-10-20,9.08,9.09,9.05,9.07,9.08,-0.01,-0.0011,342845.0,310966.0
2016-10-21,9.08,9.13,9.06,9.13,9.07,0.06,0.0066,683897.0,621550.0
2016-10-24,9.13,9.3,9.12,9.24,9.13,0.11,0.012,915677.0,844746.0
2016-10-25,9.25,9.26,9.18,9.21,9.24,-0.03,-0.0032,500753.0,461543.0
2016-10-26,9.22,9.22,9.13,9.15,9.21,-0.06,-0.0065,440452.0,403751.0
2016-10-27,9.16,9.17,9.12,9.16,9.15,0.01,0.0011,324141.0,296217.0
2016-10-28,9.16,9.23,9.14,9.17,9.16,0.01,0.0011,541998.0,497615.0
2016-10-31,9.15,9.16,9.09,9.15,9.17,-0.02,-0.0022,493597.0,450149.0
2016-11-01,9.14,9.16,9.11,9.14,9.15,-0.01,-0.0011,525416.0,480118.0
2016-11-02,9.14,9.14,9.05,9.07,9.14,-0.07,-0.0077,633586.0,576084.0
2016-11-03,9.06,9.14,9.05,9.13,9.07,0.06,0.0066,616871.0,561465.0
2016-11-04,9.11,9.17,9.1,9.11,9.13,-0.02,-0.0022,508118.0,463832.0
2016-11-07,9.1,9.12,9.07,9.12,9.11,0.01,0.0011,497240.0,452448.0
2016-11-08,9.12,9.15,9.1,9.15,9.12,0.03,0.0033,806695.0,736747.0
2016-11-09,9.14,9.14,9.01,9.07,9.15,-0.08,-0.0087,722617.0,656062.0
2016-11-10,9.1,9.16,9.1,9.14,9.07,0.07,0.0077,631999.0,576898.0
2016-11-11,9.14,9.18,9.11,9.18,9.14,0.04,0.0044,812270.0,742970.0
2016-11-14,9.16,9.25,9.16,9.22,9.18,0.04,0.0044,975079.0,898058.0
2016-11-15,9.2,9.24,9.18,9.23,9.22,0.01,0.0011,554343.0,510596.0
2016-11-16,9.23,9.24,9.2,9.23,9.23,0.0,0.0,415842.0,383426.0
2016-11-17,9.22,9.22,9.18,9.21,9.23,-0.02,-0.0022,505324.0,464611.0
2016-11-18,9.21,9.21,9.16,9.18,9.21,-0.03,-0.0033,517597.0,475290.0
2016-11-21,9.18,9.28,9.17,9.24,9.18,0.06,0.0065,850243.0,785476.0
2016-11-22,9.24,9.36,9.23,9.36,9.24,0.12,0.013,1180260.0,1097410.0
2016-11-23,9.34,9.56,9.34,9.45,9.36,0.09,0.0096,1752870.0,1660470.0
2016-11-24,9.44,9.52,9.42,9.47,9.45,0.02,0.0021,779749.0,738581.0
2016-11-25,9.48,9.62,9.46,9.62,9.47,0.15,0.0158,1013680.0,968128.0
2016-11-28,9.69,9.78,9.6,9.63,9.62,0.01,0.001,1279690.0,1240690.0
2016-11-29,9.59,9.7,9.55,9.62,9.63,-0.01,-0.001,887779.0,854309.0
2016-11-30,9.65,9.72,9.5,9.55,9.62,-0.07,-0.0073,1025960.0,985758.0
2016-12-01,9.57,9.63,9.55,9.6,9.55,0.05,0.0052,646004.0,619634.0
2016-12-02,9.6,9.6,9.44,9.55,9.6,-0.05,-0.0052,829686.0,790044.0
2016-12-05,9.5,9.54,9.41,9.46,9.55,-0.09,-0.0094,764366.0,723222.0
2016-12-06,9.48,9.52,9.45,9.49,9.46,0.03,0.0032,602903.0,571585.0
2016-12-07,9.48,9.49,9.41,9.48,9.49,-0.01,-0.0011,493405.0,466086.0
2016-12-08,9.5,9.55,9.43,9.52,9.48,0.04,0.0042,671452.0,638058.0
2016-12-09,9.5,9.75,9.48,9.65,9.52,0.13,0.0137,1514200.0,1460780.0
2016-12-12,9.65,9.77,9.44,9.5,9.65,-0.15,-0.0155,1256870.0,1206660.0
2016-12-13,9.48,9.5,9.33,9.42,9.5,-0.08,-0.0084,645772.0,607770.0
2016-12-14,9.42,9.51,9.4,9.4,9.42,-0.02,-0.0021,597706.0,564788.0
2016-12-15,9.37,9.41,9.21,9.25,9.4,-0.15,-0.016,827613.0,767752.0
2016-12-16,9.24,9.29,9.21,9.25,9.25,0.0,0.0,396814.0,366925.0
2016-12-19,9.22,9.23,9.17,9.2,9.25,-0.05,-0.0054,494011.0,453900.0
2016-12-20,9.2,9.2,9.08,9.11,9.2,-0.09,-0.0098,636638.0,580118.0
2016-12-21,9.12,9.16,9.11,9.16,9.11,0.05,0.0055,369921.0,338201.0
2016-12-22,9.15,9.16,9.11,9.14,9.16,-0.02,-0.0022,341341.0,311547.0
2016-12-23,9.14,9.14,9.07,9.08,9.14,-0.06,-0.0066,382912.0,348140.0
2016-12-26,9.06,9.13,9.02,9.12,9.08,0.04,0.0044,302059.0,273934.0
2016-12-27,9.12,9.13,9.07,9.08,9.12,-0.04,-0.0044,268841.0,244788.0
2016-12-28,9.08,9.11,9.04,9.06,9.08,-0.02,-0.0022,336055.0,304899.0
2016-12-29,9.07,9.09,9.05,9.08,9.06,0.02,0.0022,338759.0,307184.0
2016-12-30,9.08,9.1,9.06,9.1,9.08,0.02,0.0022,302607.0,274883.0
2017-01-03,9.11,9.18,9.09,9.16,9.1,0.06,0.0066,459840.0,420595.0
2017-01-04,9.15,9.18,9.14,9.16,9.16,0.0,0.0,449330.0,411503.0
2017-01-05,9.17,9.18,9.15,9.17,9.16,0.01,0.0011,344373.0,315770.0
2017-01-06,9.17,9.17,9.11,9.13,9.17,-0.04,-0.0044,358154.0,327176.0
2017-01-09,9.13,9.17,9.11,9.15,9.13,0.02,0.0022,361082.0,329995.0
2017-01-10,9.15,9.16,9.14,9.15,9.15,0.0,0.0,241054.0,220575.0
2017-01-11,9.14,9.17,9.13,9.14,9.15,-0.01,-0.0011,303431.0,277553.0
2017-01-12,9.13,9.17,9.13,9.15,9.14,0.01,0.0011,428007.0,391869.0
2017-01-13,9.14,9.19,9.12,9.16,9.15,0.01,0.0011,434301.0,397602.0
2017-01-16,9.15,9.16,9.07,9.14,9.16,-0.02,-0.0022,683166.0,623026.0
2017-01-17,9.12,9.16,9.1,9.15,9.14,0.01,0.0011,545552.0,498180.0
2017-01-18,9.14,9.19,9.13,9.17,9.15,0.02,0.0022,574269.0,526427.0
2017-01-19,9.15,9.24,9.15,9.18,9.17,0.01,0.0011,437713.0,402446.0
2017-01-20,9.17,9.23,9.17,9.22,9.18,0.04,0.0044,393329.0,361865.0
2017-01-23,9.22,9.26,9.2,9.22,9.22,0.0,0.0,420299.0,388019.0
2017-01-24,9.23,9.28,9.2,9.27,9.22,0.05,0.0054,470244.0,434788.0
2017-01-25,9.27,9.28,9.25,9.26,9.27,-0.01,-0.0011,304402.0,281976.0
2017-01-26,9.27,9.34,9.26,9.33,9.26,0.07,0.0076,420713.0,391844.0
2017-02-03,9.34,9.36,9.23,9.26,9.33,-0.07,-0.0075,315472.0,292618.0
2017-02-06,9.26,9.32,9.26,9.31,9.26,0.05,0.0054,516786.0,480441.0
2017-02-07,9.31,9.32,9.27,9.3,9.31,-0.01,-0.0011,396885.0,368755.0
2017-02-08,9.29,9.3,9.24,9.3,9.3,0.0,0.0,360272.0,333975.0
2017-02-09,9.3,9.33,9.28,9.31,9.3,0.01,0.0011,342855.0,319201.0
2017-02-10,9.32,9.36,9.31,9.33,9.31,0.02,0.0021,482743.0,450701.0
2017-02-13,9.34,9.44,9.33,9.41,9.33,0.08,0.0086,638365.0,599951.0
2017-02-14,9.41,9.42,9.37,9.4,9.41,-0.01,-0.0011,362405.0,340318.0
2017-02-15,9.4,9.54,9.39,9.45,9.4,0.05,0.0053,756613.0,716760.0
2017-02-16,9.45,9.5,9.42,9.46,9.45,0.01,0.0011,411161.0,388636.0
2017-02-17,9.46,9.49,9.37,9.39,9.46,-0.07,-0.0074,423775.0,400162.0
2017-02-20,9.4,9.58,9.4,9.56,9.39,0.17,0.0181,898755.0,855711.0
2017-02-21,9.55,9.62,9.54,9.57,9.56,0.01,0.001,646584.0,618761.0
2017-02-22,9.57,9.57,9.5,9.57,9.57,0.0,0.0,462966.0,441528.0
2017-02-23,9.55,9.57,9.48,9.51,9.57,-0.06,-0.0063,335328.0,319294.0
2017-02-24,9.5,9.54,9.48,9.5,9.51,-0.01,-0.0011,332500.0,316021.0
2017-02-27,9.5,9.5,9.42,9.43,9.5,-0.07,-0.0074,407341.0,384781.0
2017-02-28,9.43,9.51,9.42,9.48,9.43,0.05,0.0053,369720.0,350367.0
2017-03-01,9.49,9.55,9.47,9.49,9.48,0.01,0.0011,346994.0,330158.0
2017-03-02,9.51,9.54,9.42,9.43,9.49,-0.06,-0.0063,403629.0,382396.0
2017-03-03,9.41,9.43,9.36,9.4,9.43,-0.03,-0.0032,342655.0,321953.0
2017-03-06,9.4,9.46,9.39,9.45,9.4,0.05,0.0053,404511.0,381212.0
2017-03-07,9.44,9.46,9.4,9.45,9.45,0.0,0.0,294673.0,277747.0
2017-03-08,9.43,9.45,9.4,9.42,9.45,-0.03,-0.0032,244438.0,230425.0
2017-03-09,9.41,9.43,9.36,9.38,9.42,-0.04,-0.0042,378170.0,354814.0
2017-03-10,9.38,9.41,9.36,9.4,9.38,0.02,0.0021,390182.0,366140.0
2017-03-13,9.39,9.45,9.37,9.44,9.4,0.04,0.0043,545304.0,513148.0
2017-03-14,9.43,9.46,9.41,9.44,9.44,0.0,0.0,404484.0,381594.0
2017-03-15,9.42,9.48,9.42,9.48,9.44,0.04,0.0042,546561.0,515944.0
2017-03-16,9.48,9.53,9.45,9.52,9.48,0.04,0.0042,635954.0,603450.0
2017-03-17,9.45,9.46,9.3,9.31,9.52,-0.21,-0.0221,1583650.0,1482740.0
2017-03-20,9.29,9.31,9.22,9.25,9.31,-0.06,-0.0064,715022.0,661887.0
2017-03-21,9.25,9.26,9.2,9.24,9.25,-0.01,-0.0011,554649.0,511914.0
2017-03-22,9.2,9.22,9.14,9.16,9.24,-0.08,-0.0087,566124.0,519331.0
2017-03-23,9.16,9.24,9.15,9.2,9.16,0.04,0.0044,433588.0,398987.0
2017-03-24,9.2,9.24,9.16,9.19,9.2,-0.01,-0.0011,710828.0,653534.0
2017-03-27,9.12,9.19,9.08,9.14,9.19,-0.05,-0.0054,985012.0,900094.0
2017-03-28,9.16,9.17,9.1,9.12,9.14,-0.02,-0.0022,481373.0,439406.0
2017-03-29,9.13,9.15,9.09,9.11,9.12,-0.01,-0.0011,601141.0,548061.0
2017-03-30,9.12,9.12,9.06,9.08,9.11,-0.03,-0.0033,687286.0,623996.0
2017-03-31,9.08,9.18,9.08,9.17,9.08,0.09,0.0099,633121.0,578579.0
2017-04-05,9.16,9.22,9.15,9.21,9.17,0.04,0.0044,499150.0,458568.0
2017-04-06,9.2,9.22,9.17,9.2,9.21,-0.01,-0.0011,434391.0,399119.0
2017-04-07,9.19,9.22,9.17,9.2,9.2,0.0,0.0,514845.0,473366.0
2017-04-10,9.2,9.21,9.17,9.18,9.2,-0.02,-0.0022,401344.0,368682.0
2017-04-11,9.17,9.19,9.09,9.15,9.18,-0.03,-0.0033,612438.0,560304.0
2017-04-12,9.16,9.17,9.1,9.12,9.15,-0.03,-0.0033,455337.0,416101.0
2017-04-13,9.11,9.14,9.1,9.12,9.12,0.0,0.0,357443.0,325950.0
2017-04-14,9.11,9.12,9.06,9.08,9.12,-0.04,-0.0044,490500.0,445637.0
2017-04-17,9.08,9.11,9.05,9.1,9.08,0.02,0.0022,531892.0,483130.0
2017-04-18,9.09,9.1,9.05,9.05,9.1,-0.05,-0.0055,335377.0,304163.0
2017-04-19,9.03,9.04,8.9,8.91,9.05,-0.14,-0.0155,799669.0,714964.0
2017-04-20,8.9,8.94,8.89,8.92,8.91,0.01,0.0011,437630.0,390064.0
2017-04-21,8.92,8.99,8.9,8.97,8.92,0.05,0.0056,325408.0,291126.0
2017-04-24,8.97,8.98,8.89,8.93,8.97,-0.04,-0.0045,394995.0,352926.0
2017-04-25,8.93,9.01,8.93,9.0,8.93,0.07,0.0078,377933.0,339230.0
2017-04-26,9.0,9.01,8.96,8.99,9.0,-0.01,-0.0011,382147.0,343316.0
2017-04-27,8.97,8.98,8.91,8.97,8.99,-0.02,-0.0022,387393.0,346187.0
2017-04-28,8.96,8.99,8.92,8.99,8.97,0.02,0.0022,286446.0,256107.0
2017-05-02,8.96,8.96,8.9,8.94,8.99,-0.05,-0.0056,311026.0,277666.0
2017-05-03,8.92,8.93,8.89,8.91,8.94,-0.03,-0.0034,280311.0,249661.0
2017-05-04,8.89,8.89,8.72,8.74,8.91,-0.17,-0.0191,696517.0,613783.0
2017-05-05,8.74,8.76,8.58,8.63,8.74,-0.11,-0.0126,623701.0,539542.0
2017-05-08,8.6,8.62,8.54,8.57,8.63,-0.06,-0.007,460090.0,394424.0
2017-05-09,8.56,8.64,8.55,8.64,8.57,0.07,0.0082,324194.0,279120.0
2017-05-10,8.63,8.8,8.62,8.67,8.64,0.03,0.0035,573078.0,498675.0
2017-05-11,8.65,8.72,8.6,8.7,8.67,0.03,0.0035,503644.0,436444.0
2017-05-12,8.68,8.9,8.64,8.9,8.7,0.2,0.023,917968.0,809132.0
2017-05-15,8.89,8.95,8.81,8.86,8.9,-0.04,-0.0045,536578.0,476418.0
2017-05-16,8.84,8.85,8.73,8.84,8.86,-0.02,-0.0023,524872.0,461069.0
2017-05-17,8.81,8.81,8.75,8.77,8.84,-0.07,-0.0079,417338.0,365988.0
2017-05-18,8.72,8.77,8.71,8.73,8.77,-0.04,-0.0046,227401.0,198766.0
2017-05-19,8.74,8.76,8.68,8.69,8.73,-0.04,-0.0046,294271.0,256397.0
2017-05-22,8.68,8.73,8.61,8.68,8.69,-0.01,-0.0012,679120.0,588547.0
2017-05-23,8.67,8.84,8.64,8.79,8.68,0.11,0.0127,800040.0,702124.0
2017-05-24,8.78,8.83,8.68,8.81,8.79,0.02,0.0023,532377.0,466561.0
2017-05-25,8.79,9.14,8.78,9.1,8.81,0.29,0.0329,1621540.0,1462760.0
2017-05-26,9.08,9.13,9.04,9.1,9.1,0.0,0.0,895366.0,813387.0
2017-05-31,9.1,9.23,9.06,9.2,9.1,0.1,0.011,1033210.0,948742.0
2017-06-01,9.2,9.23,9.12,9.19,9.2,-0.01,-0.0011,566183.0,519545.0
2017-06-02,9.18,9.29,9.14,9.17,9.19,-0.02,-0.0022,770757.0,710120.0
2017-06-05,9.13,9.17,8.99,9.03,9.17,-0.14,-0.0153,634133.0,573460.0
2017-06-06,9.01,9.06,8.99,9.04,9.03,0.01,0.0011,355342.0,320521.0
2017-06-07,9.02,9.15,9.01,9.13,9.04,0.09,0.01,645723.0,587358.0
2017-06-08,9.11,9.15,9.08,9.13,9.13,0.0,0.0,383004.0,348861.0
2017-06-09,9.15,9.22,9.12,9.15,9.13,0.02,0.0022,685468.0,628282.0
2017-06-12,9.15,9.19,9.1,9.11,9.15,-0.04,-0.0044,504578.0,461494.0
2017-06-13,9.11,9.14,9.05,9.12,9.11,0.01,0.0011,448435.0,407877.0
2017-06-14,9.12,9.13,9.04,9.08,9.12,-0.04,-0.0044,375444.0,340596.0
2017-06-15,9.08,9.08,9.03,9.04,9.08,-0.04,-0.0044,337798.0,305610.0
2017-06-16,9.04,9.08,9.01,9.02,9.04,-0.02,-0.0022,285991.0,258559.0
2017-06-19,9.03,9.15,9.02,9.13,9.02,0.11,0.0122,489705.0,446001.0
2017-06-20,9.12,9.16,9.09,9.12,9.13,-0.01,-0.0011,313616.0,286054.0
2017-06-21,9.17,9.18,9.11,9.15,9.12,0.03,0.0033,496932.0,454489.0
2017-06-22,9.15,9.4,9.14,9.25,9.15,0.1,0.0109,1426960.0,1325210.0
2017-06-23,9.23,9.27,9.16,9.25,9.25,0.0,0.0,584004.0,538304.0
2017-06-26,9.26,9.4,9.26,9.3,9.25,0.05,0.0054,710770.0,663763.0
2017-06-27,9.3,9.39,9.27,9.36,9.3,0.06,0.0065,546016.0,509162.0
2017-06-28,9.35,9.49,9.33,9.43,9.36,0.07,0.0075,1168800.0,1102440.0
2017-06-29,9.43,9.45,9.37,9.43,9.43,0.0,0.0,488805.0,459810.0
2017-06-30,9.4,9.43,9.31,9.39,9.43,-0.04,-0.0042,499634.0,468004.0
2017-07-03,9.4,9.43,9.34,9.4,9.39,0.01,0.0011,388349.0,364466.0
2017-07-04,9.4,9.41,9.3,9.34,9.4,-0.06,-0.0064,488363.0,456577.0
2017-07-05,9.29,9.38,9.27,9.37,9.34,0.03,0.0032,567720.0,529294.0
2017-07-06,9.36,9.41,9.31,9.4,9.37,0.03,0.0032,738912.0,691387.0
2017-07-07,9.37,9.48,9.34,9.47,9.4,0.07,0.0074,760370.0,717084.0
2017-07-10,9.45,9.66,9.44,9.59,9.47,0.12,0.0127,1360820.0,1303090.0
2017-07-11,9.61,10.46,9.61,10.25,9.59,0.66,0.0688,3812090.0,3842010.0
2017-07-12,10.27,10.58,10.2,10.34,10.25,0.09,0.0088,2998840.0,3113680.0
2017-07-13,10.3,10.9,10.24,10.9,10.34,0.56,0.0542,2994530.0,3180140.0
2017-07-14,10.81,10.94,10.66,10.9,10.9,0.0,0.0,1722570.0,1864450.0
2017-07-17,10.95,11.33,10.72,10.81,10.9,-0.09,-0.0083,3273120.0,3608690.0
2017-07-18,10.75,11.14,10.62,11.05,10.81,0.24,0.0222,2349430.0,2558430.0
2017-07-19,10.99,11.19,10.88,11.09,11.05,0.04,0.0036,1933080.0,2131340.0
2017-07-20,11.08,11.22,10.91,10.97,11.09,-0.12,-0.0108,1537340.0,1695060.0
2017-07-21,10.83,10.95,10.69,10.89,10.81,0.08,0.0074,1501020.0,1625420.0
2017-07-24,10.82,11.06,10.73,10.95,10.89,0.06,0.0055,1692660.0,1846890.0
2017-07-25,10.98,11.27,10.95,11.0,10.95,0.05,0.0046,1954770.0,2172110.0
2017-07-26,10.92,11.18,10.66,10.74,11.0,-0.26,-0.0236,1697410.0,1846280.0
2017-07-27,10.72,10.77,10.53,10.59,10.74,-0.15,-0.014,1194490.0,1273890.0
2017-07-28,10.61,10.81,10.58,10.74,10.59,0.15,0.0142,819195.0,877769.0
2017-07-31,10.8,10.82,10.45,10.67,10.74,-0.07,-0.0065,1575860.0,1671810.0
2017-08-01,10.64,11.08,10.6,11.04,10.67,0.37,0.0347,2035710.0,2222890.0
2017-08-02,11.05,11.34,10.96,11.15,11.04,0.11,0.01,2062070.0,2307730.0
2017-08-03,11.14,11.22,10.97,11.01,11.15,-0.14,-0.0126,984219.0,1090950.0
2017-08-04,11.0,11.29,10.93,11.17,11.01,0.16,0.0145,1353950.0,1511390.0
2017-08-07,11.06,11.17,10.9,11.0,11.17,-0.17,-0.0152,860644.0,946976.0
2017-08-08,11.0,11.11,10.91,11.05,11.0,0.05,0.0045,689567.0,758872.0
2017-08-09,10.96,11.02,10.68,10.73,11.05,-0.32,-0.029,1042320.0,1126510.0
2017-08-10,10.7,10.82,10.54,10.62,10.73,-0.11,-0.0103,959880.0,1026680.0
2017-08-11,10.48,10.54,9.99,10.02,10.62,-0.6,-0.0565,2440640.0,2501780.0
2017-08-14,10.13,10.25,10.04,10.22,10.02,0.2,0.02,1157660.0,1175480.0
2017-08-15,10.24,10.51,10.21,10.31,10.22,0.09,0.0088,1075160.0,1116750.0
2017-08-16,10.29,10.37,10.15,10.34,10.31,0.03,0.0029,756806.0,778518.0
2017-08-17,10.35,10.42,10.29,10.42,10.34,0.08,0.0077,553642.0,573094.0
2017-08-18,10.36,10.6,10.29,10.44,10.42,0.02,0.0019,616520.0,643189.0
2017-08-21,10.43,10.52,10.39,10.46,10.44,0.02,0.0019,399155.0,417653.0
2017-08-22,10.48,10.66,10.37,10.65,10.46,0.19,0.0182,875682.0,922882.0
2017-08-23,10.63,10.98,10.59,10.9,10.65,0.25,0.0235,1319150.0,1430050.0
2017-08-24,10.89,11.11,10.84,10.93,10.9,0.03,0.0028,924249.0,1014930.0
2017-08-25,10.94,11.17,10.9,11.11,10.93,0.18,0.0165,963940.0,1068990.0
2017-08-28,11.1,11.54,11.1,11.35,11.11,0.24,0.0216,1603940.0,1828380.0
2017-08-29,11.3,11.74,11.28,11.67,11.35,0.32,0.0282,1357980.0,1569230.0
2017-08-30,11.68,11.7,11.35,11.43,11.67,-0.24,-0.0206,1096670.0,1264130.0
2017-08-31,11.39,11.44,11.15,11.28,11.43,-0.15,-0.0131,1151790.0,1297730.0
2017-09-01,11.28,11.39,11.15,11.21,11.28,-0.07,-0.0062,959977.0,1081000.0
2017-09-04,11.18,11.72,11.17,11.72,11.21,0.51,0.0455,1352330.0,1551880.0
2017-09-05,11.68,11.94,11.6,11.64,11.72,-0.08,-0.0068,1287520.0,1513760.0
2017-09-06,11.59,11.88,11.48,11.7,11.64,0.06,0.0052,791622.0,925519.0
2017-09-07,11.65,11.75,11.39,11.44,11.7,-0.26,-0.0222,614187.0,711036.0
2017-09-08,11.46,11.64,11.38,11.49,11.44,0.05,0.0044,481276.0,553644.0
2017-09-11,11.54,11.69,11.3,11.38,11.49,-0.11,-0.0096,699473.0,801825.0
2017-09-12,11.38,11.54,11.27,11.54,11.38,0.16,0.0141,846183.0,962032.0
2017-09-13,11.49,11.54,11.34,11.43,11.54,-0.11,-0.0095,668237.0,765028.0
2017-09-14,11.43,11.59,11.24,11.32,11.43,-0.11,-0.0096,883088.0,1005780.0
2017-09-15,11.29,11.32,11.15,11.29,11.32,-0.03,-0.0027,646095.0,726061.0
2017-09-18,11.25,11.32,11.2,11.25,11.29,-0.04,-0.0035,607613.0,684223.0
2017-09-19,11.25,11.34,11.08,11.13,11.25,-0.12,-0.0107,764213.0,853816.0
2017-09-20,11.14,11.37,11.05,11.29,11.13,0.16,0.0144,787155.0,884641.0
2017-09-21,11.26,11.51,11.2,11.46,11.29,0.17,0.0151,692408.0,788605.0
2017-09-22,11.43,11.52,11.31,11.44,11.46,-0.02,-0.0017,593928.0,677622.0
2017-09-25,11.44,11.45,11.18,11.29,11.44,-0.15,-0.0131,532391.0,602270.0
2017-09-26,11.26,11.3,10.96,11.05,11.29,-0.24,-0.0213,967461.0,1074230.0
2017-09-27,11.01,11.08,10.9,10.93,11.05,-0.12,-0.0109,727188.0,798377.0
2017-09-28,10.98,10.98,10.82,10.88,10.93,-0.05,-0.0046,517220.0,563485.0
2017-09-29,10.92,11.16,10.86,11.11,10.88,0.23,0.0211,682280.0,753853.0
2017-10-11,11.48,11.58,11.34,11.53,11.47,0.06,0.0052,658078.0,756203.0
2017-10-12,11.54,11.58,11.47,11.55,11.53,0.02,0.0017,578065.0,667148.0
2017-10-13,11.56,11.56,11.25,11.36,11.55,-0.19,-0.0165,737376.0,839663.0
2017-10-16,11.36,11.6,11.29,11.59,11.36,0.23,0.0202,1036250.0,1190720.0
2017-10-17,11.62,11.65,11.48,11.51,11.59,-0.08,-0.0069,506372.0,585334.0
2017-10-18,11.53,11.7,11.51,11.69,11.51,0.18,0.0156,871365.0,1011050.0
2017-10-19,11.64,11.72,11.57,11.63,11.69,-0.06,-0.0051,722765.0,841547.0
2017-10-20,11.59,11.59,11.41,11.48,11.63,-0.15,-0.0129,461808.0,529747.0
2017-10-23,11.39,11.4,11.15,11.19,11.48,-0.29,-0.0253,1074460.0,1206890.0
2017-10-24,11.2,11.42,11.18,11.39,11.19,0.2,0.0179,618872.0,700897.0
2017-10-25,11.36,11.37,11.25,11.27,11.39,-0.12,-0.0105,418574.0,472708.0
2017-10-26,11.25,11.32,11.12,11.18,11.27,-0.09,-0.008,928996.0,1041710.0
2017-10-27,11.19,11.56,11.18,11.56,11.18,0.38,0.034,1360090.0,1548540.0
2017-10-30,11.55,11.73,11.45,11.56,11.56,0.0,0.0,1278250.0,1484500.0
2017-10-31,11.55,11.58,11.39,11.54,11.56,-0.02,-0.0017,627491.0,721238.0
2017-11-01,11.56,11.59,11.32,11.4,11.54,-0.14,-0.0121,692618.0,792881.0
2017-11-02,11.36,11.58,11.26,11.54,11.4,0.14,0.0123,604308.0,689230.0
2017-11-03,11.49,11.68,11.35,11.39,11.54,-0.15,-0.013,743343.0,852032.0
2017-11-06,11.42,11.42,11.09,11.28,11.39,-0.11,-0.0097,1029900.0,1157300.0
2017-11-07,11.27,12.09,11.25,11.92,11.28,0.64,0.0567,2477160.0,2914270.0
2017-11-08,12.0,12.59,11.93,12.13,11.92,0.21,0.0176,4262830.0,5199220.0
2017-11-09,12.2,12.57,12.15,12.33,12.13,0.2,0.0165,2295290.0,2839860.0
2017-11-10,12.37,12.55,12.15,12.3,12.33,-0.03,-0.0024,1757550.0,2167130.0
2017-11-13,12.35,13.1,12.35,12.9,12.3,0.6,0.0488,2566910.0,3307960.0
2017-11-14,12.95,13.26,12.81,12.95,12.9,0.05,0.0039,1780300.0,2318090.0
2017-11-15,12.9,13.13,12.77,12.9,12.95,-0.05,-0.0039,1263050.0,1627910.0
2017-11-16,12.9,13.12,12.67,13.1,12.9,0.2,0.0155,1200810.0,1550700.0
2017-11-17,13.17,13.46,13.03,13.18,13.1,0.08,0.0061,2064150.0,2731220.0
2017-11-20,13.13,14.25,13.05,14.25,13.18,1.07,0.0812,2843930.0,3860150.0
2017-11-21,14.07,14.79,14.01,14.45,14.25,0.2,0.014,2495330.0,3609850.0
2017-11-22,14.48,15.24,14.48,15.1,14.45,0.65,0.045,2570230.0,3839500.0
2017-11-23,15.15,15.24,14.07,14.35,15.1,-0.75,-0.0497,2429140.0,3562840.0
2017-11-24,14.29,14.59,13.78,14.56,14.35,0.21,0.0146,2630190.0,3732600.0
2017-11-27,14.3,14.3,13.75,13.93,14.56,-0.63,-0.0433,2064090.0,2878490.0
2017-11-28,13.85,13.85,13.4,13.7,13.93,-0.23,-0.0165,1766430.0,2396540.0
2017-11-29,13.73,13.93,13.47,13.82,13.7,0.12,0.0088,1564090.0,2148310.0
2017-11-30,13.7,13.73,13.26,13.38,13.82,-0.44,-0.0318,1379640.0,1866700.0
2017-12-01,13.4,13.48,12.96,13.0,13.38,-0.38,-0.0284,1784930.0,2354300.0
2017-12-04,13.05,13.37,13.0,13.3,13.0,0.3,0.0231,1454020.0,1923320.0
2017-12-05,13.15,13.49,13.1,13.3,13.3,0.0,0.0,1723680.0,2301870.0
2017-12-06,13.26,13.27,12.79,13.08,13.3,-0.22,-0.0165,1619840.0,2104170.0
2017-12-07,13.05,13.14,12.75,12.83,13.08,-0.25,-0.0191,1181960.0,1526950.0
2017-12-08,12.89,13.09,12.75,13.09,12.83,0.26,0.0203,1351320.0,1751420.0
2017-12-11,13.08,13.57,12.88,13.5,13.09,0.41,0.0313,2261950.0,2980740.0
2017-12-12,13.4,13.48,13.02,13.02,13.5,-0.48,-0.0356,1743410.0,2302360.0
2017-12-13,13.0,13.2,12.88,13.13,13.02,0.11,0.0084,1289250.0,1679020.0
2017-12-14,13.15,13.31,12.91,13.0,13.13,-0.13,-0.0099,1002000.0,1311130.0
2017-12-15,12.9,12.93,12.67,12.72,13.0,-0.28,-0.0215,1099950.0,1405370.0
2017-12-18,12.73,12.91,12.64,12.75,12.72,0.03,0.0024,805464.0,1029420.0
2017-12-19,12.79,13.32,12.74,13.28,12.75,0.53,0.0416,2397940.0,3138690.0
2017-12-20,13.2,13.31,13.13,13.26,13.28,-0.02,-0.0015,1106250.0,1463800.0
2017-12-21,13.18,13.68,13.16,13.54,13.26,0.28,0.0211,1485200.0,2005620.0
2017-12-22,13.5,13.63,13.45,13.52,13.54,-0.02,-0.0015,742901.0,1004530.0
2017-12-25,13.52,13.86,13.16,13.25,13.52,-0.27,-0.02,1585570.0,2145040.0
2017-12-26,13.26,13.69,13.19,13.66,13.25,0.41,0.0309,1123690.0,1510830.0
2017-12-27,13.58,13.78,13.19,13.29,13.66,-0.37,-0.0271,1366570.0,1848160.0
2017-12-28,13.28,13.46,13.02,13.21,13.29,-0.08,-0.006,1553030.0,2052940.0
2017-12-29,13.21,13.43,13.1,13.3,13.21,0.09,0.0068,982916.0,1303220.0
2018-01-02,13.35,13.93,13.32,13.7,13.3,0.4,0.0301,2081590.0,2856540.0
2018-01-03,13.73,13.86,13.2,13.33,13.7,-0.37,-0.027,2962500.0,4006220.0
2018-01-04,13.32,13.37,13.13,13.25,13.33,-0.08,-0.006,1854510.0,2454540.0
2018-01-05,13.21,13.35,13.15,13.3,13.25,0.05,0.0038,1210310.0,1603290.0
2018-01-08,13.25,13.29,12.86,12.96,13.3,-0.34,-0.0256,2158620.0,2806100.0
2018-01-09,12.96,13.2,12.92,13.08,12.96,0.12,0.0093,1344350.0,1754320.0
2018-01-10,13.04,13.49,12.92,13.47,13.08,0.39,0.0298,2403280.0,3196060.0
2018-01-11,13.41,13.59,13.27,13.4,13.47,-0.07,-0.0052,1443880.0,1937490.0
2018-01-12,13.45,13.68,13.41,13.55,13.4,0.15,0.0112,1353990.0,1833440.0
2018-01-15,13.51,14.33,13.5,14.2,13.55,0.65,0.048,3122390.0,4376710.0
2018-01-16,14.17,14.38,14.02,14.2,14.2,0.0,0.0,2444550.0,3479180.0
2018-01-17,14.33,14.8,14.2,14.23,14.2,0.03,0.0021,2656290.0,3849310.0
2018-01-18,14.4,14.72,14.28,14.72,14.23,0.49,0.0344,2148030.0,3120460.0
2018-01-19,14.8,15.13,14.68,14.8,14.72,0.08,0.0054,2571150.0,3832860.0
2018-01-22,14.6,14.94,14.43,14.44,14.8,-0.36,-0.0243,2073870.0,3032800.0
2018-01-23,14.36,14.9,14.33,14.65,14.44,0.21,0.0145,2388790.0,3492460.0
2018-01-24,14.66,15.08,14.5,14.64,14.65,-0.01,-0.0007,2591290.0,3838740.0
2018-01-25,14.45,14.47,14.0,14.2,14.64,-0.44,-0.0301,2369980.0,3360820.0
2018-01-26,14.18,14.34,14.02,14.05,14.2,-0.15,-0.0106,2032990.0,2885100.0
2018-01-29,14.05,14.25,13.6,13.74,14.05,-0.31,-0.0221,2090550.0,2911450.0
2018-01-30,13.7,13.84,13.55,13.65,13.74,-0.09,-0.0066,1094740.0,1497710.0
2018-01-31,13.6,14.05,13.53,14.05,13.65,0.4,0.0293,1747730.0,2423100.0
2018-02-01,13.95,14.3,13.84,14.03,14.05,-0.02,-0.0014,2005610.0,2821580.0
2018-02-02,13.91,14.1,13.63,14.05,14.03,0.02,0.0014,1176510.0,1637620.0
2018-02-05,13.8,14.57,13.73,14.55,14.05,0.5,0.0356,2332000.0,3326360.0
2018-02-06,14.23,14.33,13.93,14.0,14.55,-0.55,-0.0378,2582870.0,3641290.0
2018-02-07,14.22,14.3,12.76,12.92,14.0,-1.08,-0.0771,3345720.0,4521590.0
2018-02-08,12.83,12.92,12.53,12.54,12.92,-0.38,-0.0294,2137820.0,2711460.0
2018-02-09,12.08,12.08,11.38,11.69,12.54,-0.85,-0.0678,2824950.0,3308550.0
2018-02-12,11.78,11.84,11.56,11.72,11.69,0.03,0.0026,1228780.0,1439640.0
2018-02-13,11.87,12.21,11.84,11.94,11.72,0.22,0.0188,1298180.0,1562420.0
2018-02-14,11.96,12.03,11.76,12.0,11.94,0.06,0.005,864190.0,1030470.0
2018-02-22,12.25,12.53,12.25,12.46,12.0,0.46,0.0383,1268410.0,1573560.0
2018-02-23,12.58,12.79,12.45,12.61,12.46,0.15,0.012,1013660.0,1278190.0
2018-02-26,12.77,12.85,12.45,12.63,12.61,0.02,0.0016,1045760.0,1318960.0
2018-02-27,12.64,12.7,12.19,12.28,12.63,-0.35,-0.0277,1285870.0,1590020.0
2018-02-28,12.1,12.19,11.93,12.05,12.28,-0.23,-0.0187,1214150.0,1463310.0
2018-03-01,11.92,12.15,11.9,12.04,12.05,-0.01,-0.0008,886957.0,1069350.0
2018-03-02,11.92,12.04,11.85,11.95,12.04,-0.09,-0.0075,663124.0,791736.0
2018-03-05,11.93,12.08,11.8,11.86,11.95,-0.09,-0.0075,754183.0,897244.0
2018-03-06,11.95,12.11,11.77,12.1,11.86,0.24,0.0202,1150160.0,1373440.0
2018-03-07,12.15,12.34,12.04,12.05,12.1,-0.05,-0.0041,1427570.0,1744090.0
2018-03-08,12.05,12.15,11.95,12.11,12.05,0.06,0.005,689755.0,832154.0
2018-03-09,12.15,12.2,11.98,12.09,12.11,-0.02,-0.0017,943877.0,1139040.0
2018-03-12,12.15,12.17,11.95,12.03,12.09,-0.06,-0.005,1268700.0,1526640.0
2018-03-13,12.04,12.22,12.0,12.02,12.03,-0.01,-0.0008,1082270.0,1309540.0
2018-03-14,11.98,12.0,11.83,11.92,12.02,-0.1,-0.0083,635594.0,757091.0
2018-03-15,11.79,11.85,11.66,11.71,11.92,-0.21,-0.0176,1155690.0,1356880.0
2018-03-16,11.72,11.85,11.64,11.64,11.71,-0.07,-0.006,962983.0,1130780.0
2018-03-19,11.66,11.84,11.61,11.83,11.64,0.19,0.0163,808539.0,947665.0
2018-03-20,11.74,11.88,11.72,11.82,11.83,-0.01,-0.0008,776150.0,916858.0
2018-03-21,11.95,12.12,11.85,11.9,11.82,0.08,0.0068,1445110.0,1736440.0
2018-03-22,11.9,11.97,11.62,11.66,11.9,-0.24,-0.0202,984278.0,1155740.0
2018-03-23,11.25,11.35,10.92,11.34,11.66,-0.32,-0.0274,1825690.0,2037730.0
2018-03-26,11.15,11.2,10.86,10.93,11.34,-0.41,-0.0362,1383600.0,1519440.0
2018-03-27,11.1,11.17,10.86,10.94,10.93,0.01,0.0009,1103930.0,1213990.0
2018-03-28,10.85,11.14,10.79,10.89,10.94,-0.05,-0.0046,1099020.0,1201020.0
2018-03-29,10.92,11.17,10.55,11.05,10.89,0.16,0.0147,1330600.0,1445280.0
2018-03-30,11.04,11.05,10.88,10.9,11.05,-0.15,-0.0136,752174.0,823438.0
2018-04-02,10.87,10.99,10.7,10.71,10.9,-0.19,-0.0174,1109320.0,1200910.0
2018-04-03,10.6,10.67,10.51,10.56,10.71,-0.15,-0.014,890746.0,942238.0
2018-04-04,10.68,11.01,10.6,10.87,10.56,0.31,0.0294,1602490.0,1737260.0
2018-04-09,10.8,11.1,10.73,11.02,10.87,0.15,0.0138,1074800.0,1180080.0
2018-04-10,11.02,11.46,10.97,11.42,11.02,0.4,0.0363,1390950.0,1562270.0
2018-04-11,11.39,11.92,11.38,11.83,11.42,0.41,0.0359,2095970.0,2458980.0
2018-04-12,11.8,11.83,11.42,11.52,11.83,-0.31,-0.0262,1173130.0,1364680.0
2018-04-13,11.64,11.79,11.45,11.57,11.52,0.05,0.0043,1300260.0,1516160.0
2018-04-16,11.47,11.47,11.03,11.1,11.57,-0.47,-0.0406,1427070.0,1593710.0
2018-04-17,11.12,11.45,11.11,11.21,11.1,0.11,0.0099,1301890.0,1468160.0
2018-04-18,11.45,11.61,11.28,11.5,11.21,0.29,0.0259,1475850.0,1692720.0
2018-04-19,11.52,11.69,11.42,11.47,11.5,-0.03,-0.0026,849132.0,979594.0
2018-04-20,11.51,11.58,11.2,11.35,11.47,-0.12,-0.0105,958691.0,1090800.0
2018-04-23,11.3,11.61,11.26,11.57,11.35,0.22,0.0194,1070290.0,1228540.0
2018-04-24,11.63,11.94,11.58,11.86,11.57,0.29,0.0251,1461100.0,1725150.0
2018-04-25,11.76,11.81,11.63,11.68,11.86,-0.18,-0.0152,730286.0,854713.0
2018-04-26,11.66,11.69,11.31,11.42,11.68,-0.26,-0.0223,874236.0,1002480.0
2018-04-27,11.49,11.51,10.63,10.85,11.42,-0.57,-0.0499,2709800.0,2958460.0
2018-05-02,10.97,11.03,10.8,10.88,10.85,0.03,0.0028,1190520.0,1295800.0
2018-05-03,10.86,10.88,10.57,10.75,10.88,-0.13,-0.0119,1281360.0,1372770.0
2018-05-04,10.73,10.83,10.66,10.68,10.75,-0.07,-0.0065,710510.0,761302.0
2018-05-07,10.7,10.83,10.64,10.81,10.68,0.13,0.0122,974310.0,1046740.0
2018-05-08,10.83,11.15,10.8,11.01,10.81,0.2,0.0185,1373310.0,1511550.0
2018-05-09,10.98,11.03,10.88,10.97,11.01,-0.04,-0.0036,627656.0,687037.0
2018-05-10,11.03,11.09,10.91,11.01,10.97,0.04,0.0036,552736.0,607350.0
2018-05-11,11.04,11.13,10.96,11.01,11.01,0.0,0.0,772370.0,853271.0
2018-05-14,11.09,11.23,11.03,11.18,11.01,0.17,0.0154,1039300.0,1158060.0
2018-05-15,11.18,11.19,11.02,11.12,11.18,-0.06,-0.0054,669261.0,742590.0
2018-05-16,11.07,11.07,10.89,10.9,11.12,-0.22,-0.0198,714362.0,782695.0
2018-05-17,10.91,10.94,10.78,10.82,10.9,-0.08,-0.0073,586494.0,635675.0
2018-05-18,10.81,10.97,10.76,10.96,10.82,0.14,0.0129,578385.0,628250.0
2018-05-21,11.07,11.11,10.93,10.95,10.96,-0.01,-0.0009,763534.0,838751.0
2018-05-22,10.95,10.98,10.79,10.86,10.95,-0.09,-0.0082,589872.0,639815.0
2018-05-23,10.82,10.82,10.62,10.65,10.86,-0.21,-0.0193,991016.0,1058590.0
2018-05-24,10.66,10.68,10.58,10.61,10.65,-0.04,-0.0038,688152.0,730679.0
2018-05-25,10.61,10.67,10.55,10.59,10.61,-0.02,-0.0019,593336.0,629735.0
2018-05-28,10.58,10.66,10.51,10.59,10.59,0.0,0.0,569401.0,602591.0
2018-05-29,10.58,10.63,10.35,10.38,10.59,-0.21,-0.0198,889495.0,930387.0
2018-05-30,10.29,10.29,10.05,10.08,10.38,-0.3,-0.0289,1124450.0,1139920.0
2018-05-31,10.11,10.19,10.02,10.18,10.08,0.1,0.0099,987360.0,999216.0
2018-06-01,10.15,10.29,10.07,10.19,10.18,0.01,0.001,597211.0,608399.0
2018-06-04,10.23,10.31,10.15,10.27,10.19,0.08,0.0079,593038.0,608292.0
2018-06-05,10.29,10.3,10.11,10.26,10.27,-0.01,-0.001,656541.0,670740.0
2018-06-06,10.25,10.26,10.1,10.14,10.26,-0.12,-0.0117,712743.0,724033.0
2018-06-07,10.2,10.46,10.18,10.37,10.14,0.23,0.0227,1262640.0,1306430.0
2018-06-08,10.33,10.33,10.06,10.12,10.37,-0.25,-0.0241,1099380.0,1114970.0
2018-06-11,10.06,10.13,10.0,10.04,10.12,-0.08,-0.0079,721375.0,724688.0
2018-06-12,10.03,10.08,9.95,10.06,10.04,0.02,0.002,913301.0,914002.0
2018-06-13,10.04,10.06,9.95,9.95,10.06,-0.11,-0.0109,530584.0,530484.0
2018-06-14,9.95,10.15,9.92,10.07,9.95,0.12,0.0121,866392.0,872488.0
2018-06-15,10.08,10.29,10.06,10.17,10.07,0.1,0.0099,1248710.0,1273410.0
2018-06-19,10.05,10.15,9.82,9.87,10.17,-0.3,-0.0295,1565870.0,1565760.0
2018-06-20,9.87,9.95,9.76,9.91,9.87,0.04,0.0041,763637.0,752951.0
2018-06-21,9.93,10.04,9.86,9.86,9.91,-0.05,-0.005,840071.0,836015.0
2018-06-22,9.8,9.87,9.77,9.85,9.86,-0.01,-0.001,657818.0,645753.0
2018-06-25,9.91,9.92,9.38,9.46,9.85,-0.39,-0.0396,1195210.0,1154560.0
2018-06-26,9.39,9.44,9.09,9.36,9.46,-0.1,-0.0106,1124160.0,1042530.0
2018-06-27,9.31,9.4,9.03,9.09,9.36,-0.27,-0.0288,1045140.0,958872.0
2018-06-28,8.95,9.08,8.87,8.92,9.09,-0.17,-0.0187,1110760.0,996801.0
2018-06-29,9.01,9.13,8.96,9.09,8.92,0.17,0.0191,675300.0,611346.0
2018-07-02,9.05,9.05,8.55,8.61,9.09,-0.48,-0.0528,1315520.0,1158550.0
2018-07-03,8.69,8.7,8.45,8.67,8.61,0.06,0.007,1274840.0,1096660.0
2018-07-04,8.63,8.75,8.61,8.61,8.67,-0.06,-0.0069,711153.0,617279.0
2018-07-05,8.62,8.73,8.55,8.6,8.61,-0.01,-0.0012,835769.0,722170.0
2018-07-06,8.61,8.78,8.45,8.66,8.6,0.06,0.007,988283.0,852072.0
2018-07-09,8.69,9.03,8.68,9.03,8.66,0.37,0.0427,1409950.0,1255010.0
2018-07-10,9.02,9.02,8.89,8.98,9.03,-0.05,-0.0055,896862.0,803039.0
2018-07-11,8.76,8.83,8.68,8.78,8.98,-0.2,-0.0223,851297.0,744766.0
2018-07-12,8.6,8.97,8.58,8.88,8.64,0.24,0.0278,1140490.0,1008660.0
2018-07-13,8.92,8.94,8.82,8.88,8.88,0.0,0.0,603378.0,535401.0
2018-07-16,8.85,8.9,8.69,8.73,8.88,-0.15,-0.0169,689846.0,603428.0
2018-07-17,8.74,8.75,8.66,8.72,8.73,-0.01,-0.0011,375356.0,326397.0
2018-07-18,8.75,8.85,8.69,8.7,8.72,-0.02,-0.0023,525153.0,460697.0
2018-07-19,8.75,8.81,8.69,8.73,8.7,0.03,0.0034,461372.0,403674.0
2018-07-20,8.73,9.2,8.61,9.11,8.73,0.38,0.043528,1754280.0,1576840.0
2018-07-23,9.04,9.45,9.0,9.42,9.11,0.31,0.034029,1781690.0,1646030.0
2018-07-24,9.39,9.59,9.33,9.4,9.42,-0.02,-0.002123,1425890.0,1348750.0
2018-07-25,9.44,9.47,9.33,9.38,9.4,-0.02,-0.002128,614123.0,575752.0
2018-07-26,9.4,9.48,9.21,9.25,9.38,-0.13,-0.013859,833358.0,778430.0
2018-07-27,9.3,9.36,9.18,9.25,9.25,0.0,0.0,515126.0,477527.0
2018-07-30,9.32,9.49,9.26,9.39,9.25,0.14,0.015135,706386.0,661768.0
2018-07-31,9.37,9.49,9.25,9.42,9.39,0.03,0.003195,720151.0,674485.0
2018-08-01,9.42,9.5,9.11,9.15,9.42,-0.27,-0.028662,814082.0,759282.0
2018-08-02,9.13,9.15,8.88,8.94,9.15,-0.21,-0.022951,931401.0,839272.0
2018-08-03,8.93,9.1,8.91,8.91,8.94,-0.03,-0.003356,476547.0,428642.0
2018-08-06,8.94,9.11,8.89,8.94,8.91,0.03,0.003367,554010.0,497907.0
2018-08-07,8.96,9.17,8.88,9.17,8.94,0.23,0.025727,690423.0,624360.0
2018-08-08,9.16,9.16,9.04,9.05,9.17,-0.12,-0.013086,578953.0,527527.0
2018-08-09,9.04,9.35,9.02,9.29,9.05,0.24,0.026519,806784.0,746470.0
2018-08-10,9.3,9.32,9.16,9.23,9.29,-0.06,-0.006459,424168.0,391366.0
2018-08-13,9.12,9.16,8.9,9.05,9.23,-0.18,-0.019502,818491.0,736948.0
2018-08-14,9.03,9.04,8.94,9.0,9.05,-0.05,-0.005525,430240.0,386335.0
2018-08-15,9.02,9.02,8.75,8.79,9.0,-0.21,-0.023333,670443.0,594760.0
2018-08-16,8.73,8.89,8.64,8.78,8.79,-0.01,-0.001138,638273.0,559523.0
2018-08-17,8.88,8.94,8.78,8.81,8.78,0.03,0.003417,649477.0,576683.0
2018-08-20,8.9,9.02,8.87,9.0,8.81,0.19,0.021566,681322.0,609935.0
2018-08-21,9.02,9.26,9.01,9.23,9.0,0.23,0.025556,1264470.0,1163290.0
2018-08-22,9.24,9.34,9.13,9.29,9.23,0.06,0.006501,982434.0,909599.0
2018-08-23,9.3,9.42,9.23,9.36,9.29,0.07,0.007535,729075.0,680941.0
2018-08-24,9.31,10.28,9.29,10.03,9.36,0.67,0.071581,3040410.0,2995070.0
2018-08-27,10.02,10.43,9.97,10.43,10.03,0.4,0.03988,2218420.0,2251530.0
2018-08-28,10.34,10.43,10.24,10.29,10.43,-0.14,-0.013423,1289780.0,1331920.0
2018-08-29,10.25,10.33,10.15,10.27,10.29,-0.02,-0.001944,901884.0,923582.0
2018-08-30,10.27,10.35,10.08,10.12,10.27,-0.15,-0.014606,994918.0,1013880.0
2018-08-31,10.13,10.32,10.1,10.13,10.12,0.01,0.000988,1310870.0,1337900.0
2018-09-03,10.09,10.3,10.09,10.19,10.13,0.06,0.005923,711696.0,725303.0
2018-09-04,10.2,10.55,10.07,10.43,10.19,0.24,0.023553,1296340.0,1339760.0
2018-09-05,10.3,10.33,10.05,10.05,10.43,-0.38,-0.036433,1179450.0,1202350.0
2018-09-06,10.05,10.14,9.95,9.97,10.05,-0.08,-0.00796,711778.0,713976.0
2018-09-07,10.04,10.18,9.93,10.01,9.97,0.04,0.004012,809035.0,815152.0
2018-09-10,10.01,10.07,9.84,9.88,10.01,-0.13,-0.012987,636989.0,631174.0
2018-09-11,9.9,10.03,9.81,9.91,9.88,0.03,0.003036,712968.0,707338.0
2018-09-12,9.87,9.97,9.82,9.88,9.91,-0.03,-0.003027,564829.0,558400.0
2018-09-13,10.09,10.1,9.84,9.96,9.88,0.08,0.008097,999726.0,993390.0
2018-09-14,9.98,9.98,9.81,9.84,9.96,-0.12,-0.012048,619750.0,611422.0
2018-09-17,9.8,9.8,9.68,9.69,9.84,-0.15,-0.015244,517082.0,502610.0
2018-09-18,9.73,10.12,9.7,10.08,9.69,0.39,0.040248,1126810.0,1120870.0
2018-09-19,10.03,10.34,10.03,10.24,10.08,0.16,0.015873,1231550.0,1257190.0
2018-09-20,10.27,10.36,10.19,10.23,10.24,-0.01,-0.000977,620348.0,636743.0
2018-09-21,10.26,10.7,10.18,10.67,10.23,0.44,0.043011,1624520.0,1707850.0
2018-09-25,10.52,10.68,10.48,10.55,10.67,-0.12,-0.011246,977015.0,1030720.0
2018-09-26,10.61,10.92,10.52,10.71,10.55,0.16,0.015166,1490510.0,1600630.0
2018-09-27,10.65,10.84,10.57,10.74,10.71,0.03,0.002801,880363.0,942200.0
2018-09-28,10.78,11.27,10.78,11.05,10.74,0.31,0.028864,2110240.0,2331360.0
2018-10-08,10.7,10.79,10.45,10.45,11.05,-0.6,-0.054299,1686360.0,1793460.0
2018-10-09,10.46,10.7,10.39,10.56,10.45,0.11,0.010526,1064080.0,1117950.0
2018-10-10,10.54,10.66,10.38,10.45,10.56,-0.11,-0.010417,995200.0,1045670.0
2018-10-11,10.05,10.16,9.7,9.86,10.45,-0.59,-0.056459,1995140.0,1994190.0
2018-10-12,9.97,10.34,9.87,10.3,9.86,0.44,0.044625,1516810.0,1532650.0
2018-10-15,10.39,10.47,10.09,10.11,10.3,-0.19,-0.018447,1402690.0,1443040.0
2018-10-16,10.14,10.54,10.12,10.37,10.11,0.26,0.025717,1396920.0,1450020.0
2018-10-17,10.5,10.55,10.14,10.33,10.37,-0.04,-0.003857,1350890.0,1400310.0
2018-10-18,10.29,10.29,10.06,10.09,10.33,-0.24,-0.023233,1001160.0,1015650.0
2018-10-19,9.95,10.78,9.92,10.76,10.09,0.67,0.066402,2083670.0,2173570.0
2018-10-22,10.81,11.46,10.78,11.15,10.76,0.39,0.036245,2645540.0,2932710.0
2018-10-23,11.2,11.22,10.73,10.84,11.15,-0.31,-0.027803,1602550.0,1759270.0
2018-10-24,10.9,11.33,10.8,11.04,10.84,0.2,0.01845,1829420.0,2026170.0
2018-10-25,10.8,11.29,10.71,11.29,11.04,0.25,0.022645,1685010.0,1855820.0
2018-10-26,11.29,11.31,10.96,11.18,11.29,-0.11,-0.009743,1299980.0,1448840.0
2018-10-29,11.2,11.24,10.62,10.75,11.18,-0.43,-0.038462,1591630.0,1725930.0
2018-10-30,10.78,11.08,10.73,10.9,10.75,0.15,0.013953,1501830.0,1641370.0
2018-10-31,10.95,10.99,10.75,10.91,10.9,0.01,0.000917,1152680.0,1252160.0
2018-11-01,10.99,11.05,10.76,10.83,10.91,-0.08,-0.007333,1542780.0,1679440.0
2018-11-02,11.04,11.16,10.83,11.09,10.83,0.26,0.024007,2212920.0,2439180.0
2018-11-05,10.95,11.04,10.82,10.92,11.09,-0.17,-0.015329,1291920.0,1409460.0
2018-11-06,10.87,10.93,10.73,10.84,10.92,-0.08,-0.007326,735726.0,795323.0
2018-11-07,10.83,10.95,10.75,10.81,10.84,-0.03,-0.002768,785597.0,851487.0
2018-11-08,10.88,10.97,10.82,10.89,10.81,0.08,0.007401,793976.0,864744.0
2018-11-09,10.71,10.73,10.4,10.55,10.89,-0.34,-0.031221,1629270.0,1716200.0
2018-11-12,10.46,10.58,10.38,10.56,10.55,0.01,0.000948,920334.0,965756.0
2018-11-13,10.41,10.65,10.38,10.54,10.56,-0.02,-0.001894,1072500.0,1126740.0
2018-11-14,10.53,10.55,10.42,10.44,10.54,-0.1,-0.009488,774240.0,810358.0
2018-11-15,10.44,10.64,10.42,10.62,10.44,0.18,0.017241,901462.0,949992.0
2018-11-16,10.61,10.72,10.49,10.57,10.62,-0.05,-0.004708,1059590.0,1123170.0
2018-11-19,10.57,10.88,10.57,10.85,10.57,0.28,0.02649,1360890.0,1466900.0
2018-11-20,10.75,10.8,10.52,10.57,10.85,-0.28,-0.025806,1033880.0,1099650.0
2018-11-21,10.5,10.67,10.48,10.61,10.57,0.04,0.003784,666157.0,705638.0
2018-11-22,10.67,10.67,10.48,10.55,10.61,-0.06,-0.005655,500268.0,527103.0
2018-11-23,10.53,10.58,10.31,10.32,10.55,-0.23,-0.021801,700358.0,730668.0
2018-11-26,10.34,10.46,10.3,10.34,10.32,0.02,0.001938,516569.0,535963.0
2018-11-27,10.35,10.39,10.16,10.18,10.34,-0.16,-0.015474,733448.0,752824.0
2018-11-28,10.17,10.31,10.16,10.28,10.18,0.1,0.009823,537751.0,550820.0
2018-11-29,10.35,10.39,10.19,10.2,10.28,-0.08,-0.007782,485284.0,499069.0
2018-11-30,10.22,10.36,10.17,10.36,10.2,0.16,0.015686,594715.0,610572.0
2018-12-03,10.59,10.66,10.47,10.59,10.36,0.23,0.022201,1064100.0,1126370.0
2018-12-04,10.57,10.62,10.53,10.59,10.59,0.0,0.0,534813.0,565744.0
2018-12-05,10.49,10.51,10.4,10.45,10.59,-0.14,-0.01322,581545.0,608133.0
2018-12-06,10.36,10.37,10.23,10.25,10.45,-0.2,-0.019139,578866.0,594650.0
2018-12-07,10.3,10.39,10.27,10.28,10.25,0.03,0.002927,340216.0,351101.0
2018-12-10,10.22,10.27,10.13,10.17,10.28,-0.11,-0.0107,494819.0,504041.0
2018-12-11,10.21,10.26,10.17,10.23,10.17,0.06,0.0059,299090.0,305389.0
2018-12-12,10.3,10.32,10.2,10.24,10.23,0.01,0.000978,366379.0,375403.0
2018-12-13,10.25,10.48,10.2,10.39,10.24,0.15,0.014648,790845.0,819921.0
2018-12-14,10.34,10.35,10.16,10.17,10.39,-0.22,-0.021174,526675.0,539263.0
2018-12-17,10.16,10.33,10.1,10.29,10.17,0.12,0.011799,571275.0,584680.0
2018-12-18,10.2,10.32,10.1,10.12,10.29,-0.17,-0.016521,537744.0,547158.0
2018-12-19,10.14,10.18,9.9,9.94,10.12,-0.18,-0.017787,598007.0,600090.0
2018-12-20,9.92,9.97,9.63,9.71,9.94,-0.23,-0.023139,990285.0,964203.0
2018-12-21,9.68,9.7,9.33,9.45,9.71,-0.26,-0.026777,1000620.0,944460.0
2018-12-24,9.4,9.45,9.31,9.42,9.45,-0.03,-0.003175,509118.0,477187.0
2018-12-25,9.29,9.43,9.21,9.34,9.42,-0.08,-0.008493,586615.0,545236.0
2018-12-26,9.35,9.42,9.27,9.3,9.34,-0.04,-0.004283,421141.0,393215.0
2018-12-27,9.45,9.49,9.28,9.28,9.3,-0.02,-0.002151,624593.0,586344.0
2018-12-28,9.31,9.46,9.31,9.38,9.28,0.1,0.010776,576604.0,541571.0
2019-01-03,9.18,9.33,9.15,9.28,9.19,0.09,0.009793,415538.0,384458.0
2019-01-04,9.24,9.82,9.22,9.75,9.28,0.47,0.050647,1481160.0,1422150.0
2019-01-07,9.84,9.85,9.63,9.74,9.75,-0.01,-0.001026,865688.0,841166.0
2019-01-08,9.73,9.74,9.62,9.66,9.74,-0.08,-0.008214,402388.0,389248.0
2019-01-09,9.74,10.08,9.7,9.94,9.66,0.28,0.028986,1233490.0,1229470.0
2019-01-10,9.87,10.2,9.86,10.1,9.94,0.16,0.016097,1071820.0,1079710.0
2019-01-11,10.11,10.22,10.05,10.2,10.1,0.1,0.009901,696365.0,708002.0
2019-01-14,10.22,10.25,10.07,10.11,10.2,-0.09,-0.008824,500444.0,507863.0
2019-01-15,10.11,10.28,10.09,10.24,10.11,0.13,0.012859,542161.0,553027.0
2019-01-16,10.24,10.5,10.23,10.48,10.24,0.24,0.023438,977699.0,1017500.0
2019-01-17,10.54,10.57,10.17,10.25,10.48,-0.23,-0.021947,882812.0,910212.0
2019-01-18,10.34,10.49,10.28,10.43,10.25,0.18,0.017561,738793.0,769974.0
2019-01-21,10.34,10.47,10.32,10.34,10.43,-0.09,-0.008629,659356.0,684466.0
2019-01-22,10.34,10.44,10.26,10.28,10.34,-0.06,-0.005803,424414.0,438991.0
2019-01-23,10.29,10.47,10.29,10.35,10.28,0.07,0.006809,537877.0,559384.0
2019-01-24,10.4,10.55,10.37,10.52,10.35,0.17,0.016425,679241.0,711496.0
2019-01-25,10.56,11.04,10.55,11.0,10.52,0.48,0.045627,2108360.0,2299720.0
2019-01-28,11.04,11.14,10.88,10.94,11.0,-0.06,-0.005455,1035910.0,1141850.0
2019-01-29,10.96,11.07,10.77,11.0,10.94,0.06,0.005484,826631.0,904848.0
2019-01-30,10.95,11.18,10.86,10.95,11.0,-0.05,-0.004545,712001.0,785205.0
2019-01-31,10.98,11.2,10.94,11.1,10.95,0.15,0.013699,831623.0,922603.0